Search Criteria:,,,,,,,,,,
,,,,,,,,,,
Lease Type: Both,,,,,,,,,,
District: 10,,,,,,,,,,
Permitted Fluid: Salt Water,,,,,,,,,,
Injection Type: Disposal into a nonproductive zone (W-14),,,,,,,,,,
,,,,,,,,,,
UIC No.,API No.,District,Lease No.,Lease Name,Well No.,Field Name,Operator Name,County,Oil/Gas,Formation Names
17999,17900195,10,5447,LONG,1,PANHANDLE GRAY COUNTY FIELD,"PAMPA WATER DISPOSAL, INC.",GRAY,Oil,GRANITE WASH
37537,35720036,10,3757,ELAINE,1,ALLEN-PARKER (MARMATON),"LARKEY, E. W. & SONS, INC.",OCHILTREE,Oil,
37538,29500213,10,2985,TEARE,4D,BECHTHOLD (TONKAWA),"B AND G PRODUCTION, INC.",LIPSCOMB,Oil,
37539,42180791,10,4,LEE,D 10,"BIVINS (KRIDER, LOWER)",KERR-MCGEE CORPORATION,SHERMAN,Oil,
37545,35702371,10,3716,"JONES, BRICKLEY",1,CREST (DES MOINES),"LARKEY, E. W. & SONS, INC.",OCHILTREE,Oil,
37547,29520053,10,3732,BROWN - MEIER,1,"DARROUZETT, NW. (TONKAWA)",OKLAHOMA RB OPERATING COMPANY,LIPSCOMB,Oil,
37597,35730018,10,3644,"JOHNSON, G. W.",3D,"FARNSWORTH, N. (MARMATON)","COMPLETE ENERGY SERVICES, INC.",OCHILTREE,Oil,BROWN DOLOMITE
37598,35730308,10,3962,NORTH FARNSWORTH(MARMATON)-B-UN,101D,"FARNSWORTH, N. (MARMATON)",TRANSPETCO I,OCHILTREE,Oil,
37606,29500202,10,2103,"FRASS, ANNA -D-",4D,FRASS (TONKAWA),KATO OPERATING COMPANY,LIPSCOMB,Oil,
37616,21130377,10,3994,HOBART RANCH PLANT,1D,HEMPHILL (GRANITE WASH W.),ENBRIDGE PIPELINES (TX GATH) LP,HEMPHILL,Oil,
37617,19500364,10,1563,ATKINS -E-,1,HITCHLAND (4640),PHILLIPS PETROLEUM COMPANY,HANSFORD,Oil,
37618,19500363,10,1563,ATKINS -E-,6,HITCHLAND (4640),PHILLIPS PETROLEUM COMPANY,HANSFORD,Oil,
37619,23320037,10,3620,PRICE,2D,HUTCH (PENN. LIME 4000),"ALPAR RESOURCES, INC.",HUTCHINSON,Oil,
37622,29500199,10,3212,PUGH UNIT ROYALTY ACCOUNT -B-,3 U,"KIOWA CREEK, NE. (TONKAWA)","WRIGHT TRUCKING, INC.",LIPSCOMB,Oil,
37625,35930007,10,3641,ALAMOSA -315-,3,MANARTE (GRANITE WASH),CITATION OIL & GAS CORP.,OLDHAM,Oil,
37626,39330641,10,4399,CHAMBERS,1010D,"MENDOTA, NW. (GRANITE WASH)",TENNECO OIL CO.,ROBERTS,Oil,
37627,21130515,10,4059,ROGERS,1D,"MENDOTA, SE. (MORROW, UP. OIL)",TURNER TRANSPORTATION,HEMPHILL,Oil,
37629,48380545,10,1360,MITCHELL 'A',1D,PANHANDLE WHEELER COUNTY FIELD,"HILL, HUB, INC.",WHEELER,Oil,
37630,48380565,10,1375,"SEWELL, BYRL",1D,PANHANDLE WHEELER COUNTY FIELD,"PANHANDLE CONSULTANTS, INC.",WHEELER,Oil,
37632,48381189,10,2990,"SEWELL, BYRL 2-A",1W,PANHANDLE WHEELER COUNTY FIELD,"HAMMER, DAVID M.",WHEELER,Oil,
37633,48381223,10,3134,"SEWELL, BYRL, ET AL",1W,PANHANDLE WHEELER COUNTY FIELD,"HAMMER, DAVID M.",WHEELER,Oil,
37634,48380997,10,1814,POLK,1D,PANHANDLE (OSBORNE AREA),LEAR PETROLEUM CORP.,WHEELER,Oil,
37635,48302873,10,1687,BILLS,1D,PANHANDLE WHEELER COUNTY FIELD,"PENDLETON, WALTER, INC.",WHEELER,Oil,
37636,48301619,10,1860,GRAY,1D,PANHANDLE WHEELER COUNTY FIELD,"PENDLETON, WALTER, INC.",WHEELER,Oil,
37638,48380547,10,1363,PRICE,1D,PANHANDLE WHEELER COUNTY FIELD,"PENDLETON, PHILIP E.",WHEELER,Oil,
37639,48302234,10,1359,"SLOSS, G. B.",1D,PANHANDLE WHEELER COUNTY FIELD,LIONHEART ENERGY CORPORATION,WHEELER,Oil,
37640,48302060,10,1380,"STEWART ""L-2""",1D,PANHANDLE WHEELER COUNTY FIELD,ROY PRODUCTION CO.,WHEELER,Oil,
37641,48380594,10,1388,WALKER,1D,PANHANDLE WHEELER COUNTY FIELD,ROY PRODUCTION CO.,WHEELER,Oil,
37642,48380595,10,1388,WALKER,1W,PANHANDLE WHEELER COUNTY FIELD,ROY PRODUCTION CO.,WHEELER,Oil,
37643,48301541,10,1796,SCHWARTING,1,PANHANDLE WHEELER COUNTY FIELD,"PREMIER ENERGY, INC.",WHEELER,Oil,
37644,48381169,10,2842,BELL -E-,1D,PANHANDLE WHEELER COUNTY FIELD,"RENEAU, JAMES SEED CO.",WHEELER,Oil,
37646,48381074,10,2390,"HALL, J. A., NCT-3",1D,PANHANDLE WHEELER COUNTY FIELD,TROXELL OIL & GAS,WHEELER,Oil,
37651,34100019,10,7024,BIVINS 3305,3305W,PANHANDLE (RED CAVE),"MAC 5 OPERATING, LLC",MOORE,Oil,
37679,6500174,10,2982,MCCONNELL,3W,PANHANDLE CARSON COUNTY FIELD,DANCO OIL & GAS,CARSON,Oil,
37774,6502039,10,83,"BURNETT, S. B.",1D,PANHANDLE CARSON COUNTY FIELD,"CHESAPEAKE OPERATING, INC.",CARSON,Oil,
37792,6520036,10,3499,"BOBBITT, ETHEL",1D,PANHANDLE CARSON COUNTY FIELD,"LINN OPERATING, LLC",CARSON,Oil,
37794,6502173,10,106,FEE -244-,23W,PANHANDLE CARSON COUNTY FIELD,LARGE OPERATING LLC,CARSON,Oil,
37810,6582224,10,2673,"DILLARD, A. J. ET UX",4D,PANHANDLE CARSON COUNTY FIELD,"ONYX PRODUCING COMPANY, INC.",CARSON,Oil,
37812,6582157,10,2485,ARNOLD -A-,1D,PANHANDLE CARSON COUNTY FIELD,SERVICE DRILLING CO.,CARSON,Oil,
37837,8700452,10,2964,LAYCOCK,1D,PANHANDLE COLLINGSWORTH COUNTY,LEAR PETROLEUM CORP.,COLLINGSWORTH,Oil,
37838,8700448,10,2971,BELL C,1D,PANHANDLE COLLINGSWORTH COUNTY,LEAR PETROLEUM CORP.,COLLINGSWORTH,Oil,
37839,8700458,10,3095,SMITH,1D,PANHANDLE COLLINGSWORTH COUNTY,"LEAR PETROLEUM EXPLORATION, INC.",COLLINGSWORTH,Oil,
37840,8700512,10,2986,BELL -A-,9W,PANHANDLE COLLINGSWORTH COUNTY,"SIDWELL OIL & GAS, INC.",COLLINGSWORTH,Oil,
37930,17984022,10,1737,BOWERS,5W,PANHANDLE GRAY COUNTY FIELD,"M.D. SKROOPKA OPERATING, LLC",GRAY,Oil,
37935,17900966,10,523,MASSIE-CHAPMAN,6W,PANHANDLE GRAY COUNTY FIELD,MYRIAD RESOURCES CORPORATION,GRAY,Oil,
38098,17984150,10,2294,PARKER FEE -A-,12W,PANHANDLE GRAY COUNTY FIELD,"BRADFORD, W. C.",GRAY,Oil,
38135,17982304,10,435,"CHAPMAN, A. J. ""A""",5W,PANHANDLE GRAY COUNTY FIELD,"RIO PETROLEUM, INC.",GRAY,Oil,
38200,17984931,10,3061,PAMPA UNIT,C501W,PANHANDLE GRAY COUNTY FIELD,CUYAHOGA EXPL. & DEVEL. CORP.,GRAY,Oil,
38207,17984971,10,3061,PAMPA UNIT,1408W,PANHANDLE GRAY COUNTY FIELD,CUYAHOGA EXPL. & DEVEL. CORP.,GRAY,Oil,
38253,17904567,10,2791,BENNY,6D,PANHANDLE GRAY COUNTY FIELD,SAGE PETROLEUM CO.,GRAY,Oil,
38255,17982624,10,6022,CABOT-SIDWELL KIRBY,1075B,PANHANDLE GRAY COUNTY FIELD,CABOT PETROLEUM CORPORATION,GRAY,Oil,
38270,17983593,10,687,COMBS,10W,PANHANDLE GRAY COUNTY FIELD,TENNECO OIL CO.,GRAY,Oil,
38466,23311899,10,1201,"MERCHANT, IRA C.",1W,PANHANDLE HUTCHINSON COUNTY FLD.,CABOT PETROLEUM CORPORATION,HUTCHINSON,Oil,
38505,23311861,10,1172,"RYAN ""B""",3D,PANHANDLE HUTCHINSON COUNTY FLD.,"TONEY, W.L.",HUTCHINSON,Oil,
38517,23330601,10,4275,"MERCHANT, CAL -A-",3 L,PANHANDLE HUTCHINSON COUNTY FLD.,HARKEN EXPLORATION COMPANY,HUTCHINSON,Oil,
38520,23301289,10,919,CONTINENTAL SANFORD,6W,PANHANDLE HUTCHINSON COUNTY FLD.,DAWN OIL & GAS OPERATORS INC.,HUTCHINSON,Oil,
38521,23383375,10,1220,"JOHNSON, ETAL",5W,PANHANDLE HUTCHINSON COUNTY FLD.,FAMCO II,HUTCHINSON,Oil,
38552,23381257,10,797,"PITCHER, H. C. ETAL",14D,PANHANDLE HUTCHINSON COUNTY FLD.,"ENEREX SUPPLY, INC.",HUTCHINSON,Oil,
38591,23311424,10,2901,WHITTENBURG -A-,1D,PANHANDLE HUTCHINSON COUNTY FLD.,J. & S. SERVICES,HUTCHINSON,Oil,
38600,23380827,10,716,BURNETT -U-,7W,PANHANDLE HUTCHINSON COUNTY FLD.,"HUBER, J. M., CORPORATION",HUTCHINSON,Oil,
38606,23312953,10,872,MAYFIELD -B-C-,C  1W,PANHANDLE HUTCHINSON COUNTY FLD.,"CORETERRA OPERATING, LLC",HUTCHINSON,Oil,
38654,23310761,10,835,GROVES,5D,PANHANDLE HUTCHINSON COUNTY FLD.,JA OIL CO.,HUTCHINSON,Oil,
38655,23384443,10,1863,BEAR CREEK,1W,PANHANDLE HUTCHINSON COUNTY FLD.,JATEN OIL CO.,HUTCHINSON,Oil,
38659,23385322,10,3216,PEI-WHITTENBURG,B  6W,PANHANDLE HUTCHINSON COUNTY FLD.,JATEN OIL CO.,HUTCHINSON,Oil,
38662,23311851,10,2237,WHITTENBURG -A-,1W,PANHANDLE HUTCHINSON COUNTY FLD.,"DAVIS, D. D. ESTATE OF",HUTCHINSON,Oil,
38699,23310035,10,1934,KINGSLAND,2W,PANHANDLE HUTCHINSON COUNTY FLD.,C & C OIL PRODUCERS,HUTCHINSON,Oil,
38720,23304531,10,2660,MCDOWELL,2,PANHANDLE HUTCHINSON COUNTY FLD.,"MOMENTUM OPERATING CO., INC.",HUTCHINSON,Oil,
38805,23300968,10,904,J. A. WHITTENBURG PLATEAU,11D,PANHANDLE HUTCHINSON COUNTY FLD.,"SUMMITT PRODUCING COMPANY, INC.",HUTCHINSON,Oil,
38806,23306206,10,3801,J. A. WHITTENBURG D SOUTH,12,PANHANDLE HUTCHINSON COUNTY FLD.,"SUMMITT PRODUCING COMPANY, INC.",HUTCHINSON,Oil,
38807,23303993,10,3801,J. A. WHITTENBURG D SOUTH,13,PANHANDLE HUTCHINSON COUNTY FLD.,"SUMMITT PRODUCING COMPANY, INC.",HUTCHINSON,Oil,
38809,23300048,10,1209,"WISDOM, BELLE",4W,PANHANDLE HUTCHINSON COUNTY FLD.,"JACKSON, JERAL W. INC.",HUTCHINSON,Oil,
38827,23304342,10,3047,JOHNSON,3D,PANHANDLE HUTCHINSON COUNTY FLD.,"L & G OPERATING, INC.",HUTCHINSON,Oil,
38828,23330082,10,3712,REE,1W,PANHANDLE HUTCHINSON COUNTY FLD.,"L & G OPERATING, INC.",HUTCHINSON,Oil,
38831,23307238,10,712,JOHNSON,2D,PANHANDLE HUTCHINSON COUNTY FLD.,"SUPERIOR WELL SERVICING CO., INC",HUTCHINSON,Oil,
38833,23384423,10,1809,"WHITTENBURG ""D""",1D,PANHANDLE HUTCHINSON COUNTY FLD.,"SUPERIOR WELL SERVICING CO., INC",HUTCHINSON,Oil,
38835,23308915,10,803,CADILLAC JACK'S,1W,PANHANDLE HUTCHINSON COUNTY FLD.,"MCVM, INC.",HUTCHINSON,Oil,
38860,23303942,10,1289,"COCKRELL, E.",15W,PANHANDLE HUTCHINSON COUNTY FLD.,TRAVELERS OIL COMPANY,HUTCHINSON,Oil,
38861,23305345,10,1289,"COCKRELL, E.",18,PANHANDLE HUTCHINSON COUNTY FLD.,TRYMA OPERATING,HUTCHINSON,Oil,
38870,23330334,10,6569,KILLOUGH,B  4,PANHANDLE HUTCHINSON COUNTY FLD.,WATSON OPERATING COMPANY,HUTCHINSON,Oil,
38882,34100704,10,1698,MASTERSON ESTATE,1D,PANHANDLE MOORE COUNTY FIELD,BEREN CORPORATION,MOORE,Oil,
38895,34130084,10,3792,"THOMPSON ""75-9""",1D,PANHANDLE MOORE COUNTY FIELD,MAYNARD OIL CO.,MOORE,Oil,
38896,34130016,10,3633,SNEED,A  1D,PANHANDLE MOORE COUNTY FIELD,"SANVIN, INC.",MOORE,Oil,
38897,34130540,10,4644,BRENT,1D,PANHANDLE MOORE COUNTY FIELD,"PS HYDROCARBON SERVICES, INC.",MOORE,Oil,
38898,37580340,10,3190,WARRICK,3D,PANHANDLE POTTER COUNTY FIELD,IPACT,POTTER,Oil,
38901,23386608,10,3597,BIVINS,2W,PANHANDLE POTTER COUNTY FIELD,"PLUMLEY, M. C. & ASSOCIATES",HUTCHINSON,Oil,
38903,48381148,10,2742,"PIKE, L. L., ETAL",1D,PANHANDLE WHEELER COUNTY FIELD,ADCO OIL & GAS,WHEELER,Oil,
38907,48300983,10,1407,WALKER,1W,PANHANDLE WHEELER COUNTY FIELD,BRONCO OIL COMPANY,WHEELER,Oil,
38913,48301696,10,1658,"HISE, H. L.",1D,PANHANDLE WHEELER COUNTY FIELD,"WISCHKAEMPER, JAMES K.",WHEELER,Oil,
38915,48381224,10,3155,PARRISH,1D,PANHANDLE WHEELER COUNTY FIELD,"DAVENPORT, VERNON PROD. CO.",WHEELER,Oil,
38917,48301028,10,1418,PLUMMER -A-,1W,PANHANDLE WHEELER COUNTY FIELD,"DAVIS, ROBERT S. INC.",WHEELER,Oil,
38918,48381231,10,3171,SCHWARTING,1D,PANHANDLE WHEELER COUNTY FIELD,"BARKER PRODUCTION CO., LP",WHEELER,Oil,
38922,48301923,10,1756,HARVEY,1W,PANHANDLE WHEELER COUNTY FIELD,MAGIC CITY OIL & GAS,WHEELER,Oil,
38924,48300106,10,1747,"LILES, H.",2D,PANHANDLE WHEELER COUNTY FIELD,"HILL, HUB, INC.",WHEELER,Oil,
38945,48300518,10,2784,BELL,1D,PANHANDLE WHEELER COUNTY FIELD,"HI-PLAINS PRODUCTION, INC.",WHEELER,Oil,
38947,48381123,10,2526,BRADSHAW,1D,PANHANDLE WHEELER COUNTY FIELD,LEAR PETROLEUM CORP.,WHEELER,Oil,
38948,48381166,10,2835,ROBERTS,5D,PANHANDLE WHEELER COUNTY FIELD,LEAR PETROLEUM CORP.,WHEELER,Oil,
38950,48301114,10,2913,WARD,1D,PANHANDLE WHEELER COUNTY FIELD,"MCCRACKEN, H. L. COMPANY",WHEELER,Oil,
38957,48380900,10,1892,"TINDALL, WEST",1D,PANHANDLE WHEELER COUNTY FIELD,LIONHEART ENERGY CORPORATION,WHEELER,Oil,
38958,48380946,10,1548,LASATER WEST,1D,PANHANDLE WHEELER COUNTY FIELD,"PENDLETON, WALTER, INC.",WHEELER,Oil,
38959,48381195,10,3017,SCHWARTING,1D,PANHANDLE WHEELER COUNTY FIELD,TRAVELERS OIL COMPANY,WHEELER,Oil,
38976,39330171,10,4041,"PARSELL, WARREN B. ETAL -H-",6D,PARSELL (DOUGLAS LO. -B-),AMOCO PRODUCTION COMPANY,ROBERTS,Oil,
38983,35781291,10,3194,"HALE, ARVLE",1,"PERRYTON, WEST (MARMATON)","SLAUGHTER, DEAN",OCHILTREE,Oil,
38986,39300735,10,1510,"MADDOX, L. A.",1,"QUINDUNO (ALBANY DOLOMITE, LO.)",MAXUS EXPLORATION COMPANY,ROBERTS,Oil,
38987,39300780,10,1492,HAGGARD TR 2 LAD,31D,"QUINDUNO (ALBANY DOLOMITE, LO.)",PENNZOIL PETROLEUM COMPANY,ROBERTS,Oil,
38989,35700850,10,3022,R. H. F. /MORROW/ UNIT,2,R. H. F. (MORROW),"TABULA RASA ENERGY, LLC",OCHILTREE,Oil,
39018,29580532,10,3009,TROSPER -A-,1W,TROSPER (TONKAWA),APACHE CORPORATION,LIPSCOMB,Oil,
39019,19580753,10,1938,"STEELE, J. I. -B-",1,TWIN (MORROW),DIAMOND SHAMROCK EXPLORATION CO.,HANSFORD,Oil,
39739,29520050,10,5559,"BLICKMAN, MACE SWD",1,DARROUZETT (TONKAWA),APACHE CORPORATION,LIPSCOMB,Oil,
39753,21130033,10,79922,HEFLEY S.W.D.,1,BUFFALO WALLOW (HUNTON 19600),CHEVRON U. S. A. INC.,HEMPHILL,Gas,
39754,21130078,10,79973,HEFLEY SWD,2,BUFFALO WALLOW (HUNTON 19600),CHEVRON U. S. A. INC.,HEMPHILL,Gas,
39755,21130155,10,57191,BROWN,1,BUFFALO WALLOW (MORROW),"HELMERICH & PAYNE, INC.",HEMPHILL,Gas,
39756,21130999,10,83335,RED DEER -SWD-,1,"CANADIAN, SE (DOUGLAS)","TURNER ENERGY SWD, LLC",HEMPHILL,Gas,
39757,21130257,10,57247,"MAGILL, NORMAN -A-",1,"CANADIAN, NW (DOUGLAS)",AMOCO PRODUCTION COMPANY,HEMPHILL,Gas,
39758,48330024,10,80651,GAGEBY CREEK SWD DISPOSAL,1 D,GAGEBY CREEK (HUNTON),LONE TREE OIL & GAS LLC,WHEELER,Gas,BROWN DOLOMITE
39759,21130541,10,64986,HEMPHILL,1D,HEMPHILL (GRANITE WASH.),"TURNER ENERGY SWD, LLC",HEMPHILL,Gas,
39760,23380009,10,22244,"HOLT, B. C., -A-",1 C,"HUTCHINSON, NORTH (TONKAWA)",TEXACO INC.,HUTCHINSON,Gas,
39761,29522371,10,58400,HILDEBRAND,1D,"LIPSCOMB, S. E. (MORROW)",APACHE CORPORATION,LIPSCOMB,Gas,
39763,21130126,10,173643,HUMPHREYS,3701,MATHERS RANCH (DOUGLAS),QUESTAR EXPL. AND PROD. CO.,HEMPHILL,Gas,
39764,23330248,10,65824,LEWIS -C-,2 L,"MORSE, SW (MARMATON)",PHILLIPS PETROLEUM COMPANY,HUTCHINSON,Gas,
39765,48302379,10,26097,HALL -C-,1,"PANHANDLE, EAST",SCOUT ENERGY MANAGEMENT LLC,WHEELER,Gas,
39767,34130152,10,56507,FOURWAY STATION SWD,2,"PANHANDLE, WEST",SCOUT ENERGY MANAGEMENT LLC,MOORE,Gas,
39777,34120026,10,25119,SHELLBERG,1,"PANHANDLE, WEST",PHILLIPS PETROLEUM COMPANY,MOORE,Gas,
39780,42100044,10,27894,"LASLEY, W.",1,TEXAS HUGOTON,AMOCO PRODUCTION COMPANY,SHERMAN,Gas,
39782,19500070,10,22761,"CARMODY, E. M. -B-",2,TWIN (TONKAWA),TEXACO INC.,HANSFORD,Gas,
39783,21130141,10,52814,FORGEY SWD SYSTEM,D  1,WASHITA CREEK (PENN),CONOCOPHILLIPS COMPANY,HEMPHILL,Gas,PENNSYLVANIAN
40209,23327250,10,4411,"ARMSTRONG, M.B.",1,PANHANDLE HUTCHINSON COUNTY FLD.,LERA,HUTCHINSON,Oil,
40312,34130697,10,4843,DAKOTA RUBIN,2,PANHANDLE MOORE COUNTY FIELD,"NEXOIL, LLC",MOORE,Oil,
40716,34100332,10,28128,MCMURRAY,1,TEXAS HUGOTON,DIAMOND CHEMICALS COMPANY,MOORE,Gas,
40717,34100920,10,25633,SWEATT,1,"PANHANDLE, WEST",DIAMOND SHAMROCK EXPLORATION CO.,MOORE,Gas,
40718,42180600,10,28050,BRADLEY,1,TEXAS HUGOTON,DIAMOND SHAMROCK EXPLORATION CO.,SHERMAN,Gas,
40719,42120005,10,40877,BIVINS ESTATE,1068,TEXAS HUGOTON,BP AMERICA PRODUCTION COMPANY,SHERMAN,Gas,
40721,29500220,10,2987,CITIZENS NATL. BANK TRUSTEE -G-,6D,"C.N.B. (MORROW, LO.)",SANDIA OPERATING CORP.,LIPSCOMB,Oil,
40819,23384768,10,2170,"PRICE, W. D.",1D,BAR NINE (PENN.),GULF OIL CORP.,HUTCHINSON,Oil,
40965,19509502,10,19,"COLLIER, HJ -B-",1D,HITCHLAND (4640),EXXON CORP.,HANSFORD,Oil,
40966,17902550,10,329,COMBS-WORLEY,3D,PANHANDLE GRAY COUNTY FIELD,MON CORP.,GRAY,Oil,
41465,29520065,10,2997,"FRASS, H. /NCT-A/",3,FRASS (TONKAWA),CHEVRON U. S. A. INC.,LIPSCOMB,Oil,
41823,42100000,10,1951,"JUDD, F. A.",3W,JUDD (VIRGIL),TEXACO INC.,SHERMAN,Oil,
41824,35700423,10,3151,"MCGARRAUGH, C. S., -B- NCT-1",8W,"MCGARRAUGH, W. (MORROW UP.)",TEXACO INC.,OCHILTREE,Oil,
42397,8700289,10,2797,BELL,1D,PANHANDLE COLLINGSWORTH COUNTY,"JACKSON, JERAL W. INC.",COLLINGSWORTH,Oil,
42441,34100309,10,163561,"HOLT, ET AL",109,TEXAS HUGOTON,PANTERA ENERGY COMPANY,MOORE,Gas,
42482,29500015,10,3211,"GUIPEL, FLORENCE, ET AL",2D,LIPSCOMB (CLEVELAND SEC. 610),MAXUS EXPLORATION COMPANY,LIPSCOMB,Oil,
42706,23331016,10,4454,"HERRING ""A"" TRACT 2",1X,PANHANDLE HUTCHINSON COUNTY FLD.,"LINN OPERATING, INC.",HUTCHINSON,Oil,
42752,6530986,10,4986,MID-AMERICA PL. CO.-SKELLYTOWN,1D,PANHANDLE CARSON COUNTY FIELD,ENTERPRISE PRODUCTS OPERATINGLLC,CARSON,Oil,
42797,7500074,10,2493,"COATS, ODA, -B-",2,KIRKLAND (CISCO REEF),CHEVRON U. S. A. INC.,CHILDRESS,Oil,
42819,6530853,10,96941,"CULVER, C. L.",2,"PANHANDLE, WEST","HORN, TOM D.",CARSON,Gas,
43494,19530131,10,65968,COLLARD,1,TEXAS HUGOTON,"HARMON, C. E. OIL, INC.",HANSFORD,Gas,
43754,34101473,10,99501,POWELL -C-,1,"PANHANDLE, WEST",MAXUS EXPLORATION COMPANY,MOORE,Gas,
43758,34100862,10,99502,COFFEE -I-,1,"PANHANDLE, WEST",PANTERA ENERGY COMPANY,MOORE,Gas,
43759,34100243,10,99503,HARRISON,1,TEXAS HUGOTON,PANTERA ENERGY COMPANY,MOORE,Gas,
43830,29500197,10,33586,BRILLHART,1907A,KIOWA CREEK (DOUGLAS),KERR-MCGEE CORPORATION,LIPSCOMB,Gas,
43852,17930961,10,4864,"BARNETT, A. E. SWD",1D,PANHANDLE GRAY COUNTY FIELD,ED'S SALTWATER DISPOSAL COMPANY,GRAY,Oil,
43999,6500042,10,3303,HERBER,2,PANHANDLE CARSON COUNTY FIELD,"RIO PETROLEUM, INC.",CARSON,Oil,
44057,29500934,10,2267,"FRASS, H., JR., -D-",1D,FRASS (TONKAWA),PETCO PETROLEUM CORP.,LIPSCOMB,Oil,
44405,21100072,10,100112,DETRIXHE UNIT,1,"HIGGINS, SOUTH (MORROW)",EXXON CORP.,HEMPHILL,Gas,
44408,23306813,10,4720,BEARKILLER,1D,PANHANDLE HUTCHINSON COUNTY FLD.,AMERICAN STAR ENERGY & MIN. CORP,HUTCHINSON,Oil,
45118,23320103,10,42651,"LATHAM, WISDOM -1-",1,"PANHANDLE, WEST",PLUMLEY COMPANY,HUTCHINSON,Gas,
45133,42130029,10,65118,MONROE,2,TEXAS HUGOTON (RED CAVE),H & L GAS CO.,SHERMAN,Gas,
45432,21100279,10,3180,HOBART,167,HEMPHILL (GRANITE WASH. SO),CIMAREX ENERGY CO.,HEMPHILL,Oil,
45701,35930177,10,5048,AURORA,14,HRYHOR (GRANITE WASH),"OVERFLOW ENERGY, LLC",OLDHAM,Oil,
45702,35930104,10,4398,"FULTON-KING ""A""",4,"LAMBERT (GRANITE WASH, UP.)",STEPHENS & JOHNSON OPERATING CO.,OLDHAM,Oil,
45703,37520019,10,6507,BIVENS,3,PANHANDLE POTTER COUNTY FIELD,LAMBERSON OPERATING,POTTER,Oil,
46072,35731064,10,5337,"THOMAS ""A""",1 D,CREST (DES MOINES),"THOMAS, KIM DISPOSAL CO., LTD.",OCHILTREE,Oil,
46119,19501131,10,2580,"OLOUGHLIN, C. C., SR. TRUST",4UT,"SPEARMAN,N.(LANSING-KANSAS CITY)",TEXACO INC.,HANSFORD,Oil,
46572,35702391,10,5482,OCHILTREE COUNTY,1,ELLIS RANCH (CLEVELAND),"CRESCENDO RESOURCES, L.P.",OCHILTREE,Oil,
47248,29530084,10,3237,"HOSTUTLER, E.",3:00 PM,TROSPER (TONKAWA),"COMPLETE ENERGY SERVICES, INC.",LIPSCOMB,Oil,BROWN DOLOMITE
47487,48302411,10,36316,MOBEETIE OP. UNIT -B-,2,MOBEETIE (DOUGLAS),MOBEETIE RESOURCE DEV LLC,WHEELER,Gas,BROWN DOLOMITE
47491,48301029,10,2740,PLUMMER -D-,2D,PANHANDLE WHEELER COUNTY FIELD,"WISCHKAEMPER, JAMES K.",WHEELER,Oil,
47492,8730016,10,65558,MCFARLAND,201D,"PANHANDLE, EAST",WILDCAT CEMENT CO.,COLLINGSWORTH,Gas,
47496,29530721,10,5501,"LOESCH, FRED",3D,"KIOWA CREEK,N.(MORROW UP.)","OVERFLOW ENERGY, LLC",LIPSCOMB,Oil,
47498,8730176,10,93033,EMMERT,3082,"PANHANDLE, EAST","SLT DAKOTA OPERATING, INC.",COLLINGSWORTH,Gas,
47501,29530882,10,4551,BOOTH,4,BRADFORD (TONKAWA),UNIT PETROLEUM COMPANY,LIPSCOMB,Oil,
48448,35780614,10,1771,PSHIGODA,2,PSHIGODA (DOUGLAS),"COURSON OIL & GAS, INC.",OCHILTREE,Oil,
48568,23331508,10,4670,MERCHANTS ET AL,1D,PANHANDLE HUTCHINSON COUNTY FLD.,"ENERGY 2000, INC.",HUTCHINSON,Oil,
48608,19580572,10,42055,DIANE & ONNA,1,TEXAS HUGOTON,"HARMON, C. E. OIL, INC.",HANSFORD,Gas,
49111,23331187,10,4482,"YAKE ""D""",5,PANHANDLE HUTCHINSON COUNTY FLD.,"LINN OPERATING, INC.",HUTCHINSON,Oil,
49182,48330732,10,88111,"TAYLOR, H. B.",1,"THORNDIKE, EAST",PENNZOIL COMPANY,WHEELER,Gas,
49446,35700123,10,5483,STUMP,1,TWIN (DES MOINES),INTEGRITY H2O LLC,OCHILTREE,Oil,BROWN DOLOMITE
49458,17905817,10,312,MERTEN,7,PANHANDLE GRAY COUNTY FIELD,CHEVRON U. S. A. INC.,GRAY,Oil,
49909,35731232,10,5531,COOPER,102,"PERRYTON, WEST (MARMATON)","OVERFLOW ENERGY, LLC",OCHILTREE,Oil,BROWN DOLOMITE
50267,29580433,10,2643,"FRASS, H.",4,"FRASS, WEST (TONKAWA)",JIRO,LIPSCOMB,Oil,
50409,23330122,10,3712,REE,2,PANHANDLE HUTCHINSON COUNTY FLD.,STAHL PETROLEUM CO.,HUTCHINSON,Oil,
50491,23306817,10,4720,BEARKILLER,10 D,PANHANDLE HUTCHINSON COUNTY FLD.,AMERICAN STAR ENERGY & MIN. CORP,HUTCHINSON,Oil,
50843,29520032,10,107775,"WASSELL, JOHN R.",2,BRADFORD (CLEVELAND),AMOCO PRODUCTION COMPANY,LIPSCOMB,Gas,
51269,21131515,10,5616,"BRAINARD, SALLY",1,"CANADIAN, SE (DOUGLAS)","COMPLETE ENERGY SERVICES, INC.",HEMPHILL,Oil,
51270,39330719,10,5662,MCCUISTION,1 D,"QUINDUNO (ALBANY DOLOMITE, LO.)","COMPLETE ENERGY SERVICES, INC.",ROBERTS,Oil,
51271,35900022,10,5691,SUNSHINE,1,"SUNDANCE (GRANITE WASH, UP)",PRIDE ENERGY COMPANY,OLDHAM,Oil,
51285,35702354,10,108096,FEE,1 D,"HANSFORD (MORROW, UPPER)","CIMARRON RIVER PIPELINE, LLC",OCHILTREE,Gas,
51321,29531319,10,2550,"ROBERTS ""A""",3,DARROUZETT (TONKAWA),"FRONTIER ALLIANCE, LLC",LIPSCOMB,Oil,
52300,29530721,10,87026,"LOESCH, FRED",3,"KIOWA CREEK,N.(MORROW UP.)","MCGEE, TOM CORPORATION",LIPSCOMB,Gas,
52343,35700000,10,5412,PEARSON,4,ALPAR (HUNTON),GEODYNE RESOURCES INC.,OCHILTREE,Oil,
52439,29531304,10,5341,STABEL,7,DUKE-MAY (TONKAWA),TXO PRODUCTION CORP.,LIPSCOMB,Oil,
52619,34130873,10,5320,"KEHOE, D.",1 D,PANHANDLE MOORE COUNTY FIELD,D. C. K. CORP.,MOORE,Oil,
52853,29500985,10,2618,FRASS,K  1,"FRASS, WEST (TONKAWA)",SGP OPERATING LLC,LIPSCOMB,Oil,
53444,34131230,10,5512,BRUMLEY,4W,PANHANDLE MOORE COUNTY FIELD,DIRECTION ENERGY CORPORATION,MOORE,Oil,
53445,29522428,10,4427,"PHILLIPS, G. W.",2W,"KIOWA CREEK, NE. (TONKAWA)","OVERFLOW ENERGY, LLC",LIPSCOMB,Oil,DOLOMITE
53592,42100991,10,27930,SHER-TEX,1,TEXAS HUGOTON,CONOCOPHILLIPS COMPANY,SHERMAN,Gas,
53830,23311843,10,22457,"WISDOM, B.",1,"PANHANDLE, WEST",WHEELER OIL CO. (A),HUTCHINSON,Gas,
54311,23331934,10,112587,BARNES,1 D,"PANHANDLE, WEST","PG-M INTERNATIONAL OPERATING,LLC",HUTCHINSON,Gas,
54330,35702177,10,5940,GRABEEL SWD,1D,ALPAR (HUNTON),"4P ENERGY TEXAS, LLC",OCHILTREE,Oil,
54355,29500029,10,112795,"WEINETT, HAZEL",1 D,KIOWA CREEK (DOUGLAS),"OVERFLOW ENERGY, LLC",LIPSCOMB,Gas,DOLOMITE
54390,42130298,10,113212,PUGH,1354,TEXAS HUGOTON,"SCHMID PROPERTIES, INC.",SHERMAN,Gas,
54968,17930077,10,3631,HUSELBY,10,PANHANDLE GRAY COUNTY FIELD,TRAVELERS OIL COMPANY,GRAY,Oil,
55393,19520092,10,114401,"NOBLES, L.G.",1W,TEXAS HUGOTON,CHEVRON U. S. A. INC.,HANSFORD,Gas,
56127,35700148,10,4380,HAWK,1,FARNSWORTH-CONNER (DES MOINES),"JADE MINERAL HOLDINGS, L.L.C.",OCHILTREE,Oil,
56550,48300483,10,114402,SHAMROCK PIPEYARD -D-,1,"PANHANDLE, EAST","WISCHKAEMPER, KENNETH",WHEELER,Gas,
56551,8700045,10,114403,LAYCOCK,3D,"PANHANDLE, EAST",MERIDIAN OIL INC.,COLLINGSWORTH,Gas,
57042,8720093,10,115176,WATTENBARGER,1:00 AM,"PANHANDLE, EAST",MERIDIAN OIL INC.,COLLINGSWORTH,Gas,
57062,8700051,10,26281,WATTENBARGER -A-,1,"PANHANDLE, EAST",MERIDIAN OIL INC.,COLLINGSWORTH,Gas,
57088,8700216,10,115180,LAYCOCK,3:00 AM,"PANHANDLE, EAST",MERIDIAN OIL INC.,COLLINGSWORTH,Gas,
57092,8720096,10,115179,LAYCOCK,4:00 AM,"PANHANDLE, EAST",MERIDIAN OIL INC.,COLLINGSWORTH,Gas,
57103,8720094,10,115178,MCFARLAND,1,"PANHANDLE, EAST",MERIDIAN OIL INC.,COLLINGSWORTH,Gas,
57107,8720097,10,115177,HENDERSON,2,"PANHANDLE, EAST",MERIDIAN OIL INC.,COLLINGSWORTH,Gas,
57147,29500984,10,3470,KIM,A  1,DARROUZETT (TONKAWA),"MCGEE, TOM CORPORATION",LIPSCOMB,Oil,
57210,8730012,10,115319,MCFARLAND,201 D,"PANHANDLE, EAST",WILDCAT CEMENT CO.,COLLINGSWORTH,Gas,
57310,8720099,10,115181,BETENBOUGH,2:00 AM,"PANHANDLE, EAST",MERIDIAN OIL INC.,COLLINGSWORTH,Gas,
57380,23332005,10,5803,PEACOCK,2,HUTCH (GRANITE WASH 6250),"ENERGON OIL, INC.",HUTCHINSON,Oil,
57421,23385666,10,5994,"CHRISTIAN, W. S.",1W,PANHANDLE HUTCHINSON COUNTY FLD.,CHEVRON U. S. A. INC.,HUTCHINSON,Oil,
57534,35730905,10,4507,COOPER,1D,CREST (DES MOINES),"MPM DISPOSAL, INC.",OCHILTREE,Oil,
58140,34130264,10,5855,ROSIO,1D,PANHANDLE MOORE COUNTY FIELD,"L & G OPERATING, INC.",MOORE,Oil,
58154,17902228,10,2294,PARKER FEE -A-,27,PANHANDLE GRAY COUNTY FIELD,"BETA-TEX, AN OKLAHOMA CORP.",GRAY,Oil,
58753,42100922,10,117442,FLORES,2,TEXAS HUGOTON,PANTERA ENERGY COMPANY,SHERMAN,Gas,
58754,42100831,10,117446,FERGUSON,1,TEXAS HUGOTON,BP AMERICA PRODUCTION COMPANY,SHERMAN,Gas,
58755,42100250,10,117443,LONG,1,TEXAS HUGOTON,BP AMERICA PRODUCTION COMPANY,SHERMAN,Gas,
58756,42100715,10,117444,SHERMAN COUNTY,1012,TEXAS HUGOTON,PANTERA ENERGY COMPANY,SHERMAN,Gas,
58757,42100903,10,117445,BLAKE,1,TEXAS HUGOTON,PANTERA ENERGY COMPANY,SHERMAN,Gas,GLORIETA
58813,29530272,10,117434,BORN -D-,2,"MAMMOTH CREEK, NW (TONKAWA)","BORN, GENE",LIPSCOMB,Gas,
59030,39322636,10,119256,PRICE SWD,1,R. D. PRICE (BROWN DOLOMITE),"CORGRAY ENERGY, INC.",ROBERTS,Gas,
59091,23331521,10,116974,WISDOM,101,"PANHANDLE, WEST",PETRO HALEY,HUTCHINSON,Gas,
59099,34131709,10,6137,TPI-S & J,1D,PANHANDLE MOORE COUNTY FIELD,"MIDCON SERVICES, LLC",MOORE,Oil,"ARKOSIC LIMESTONE, GW"
59211,35930262,10,6122,"QUIEN SABE RANCH ""A""",4,P.D. WALKER (GRANITE WASH),"BYNG ENERGY GROUP, INC.",OLDHAM,Oil,
59304,29531182,10,8214,"BOOTH, EUGENE",2,LIPSCOMB (CLEVELAND),UNIT PETROLEUM COMPANY,LIPSCOMB,Oil,
59320,35720148,10,3350,CARLA,1D,CREST (DES MOINES),"OVERFLOW ENERGY, LLC",OCHILTREE,Oil,"WICHITA ANHYDRITE, BROWN DOLOMITE"
59617,42100021,10,117435,PRICE,D 37,TEXAS HUGOTON,PANTERA ENERGY COMPANY,SHERMAN,Gas,
60041,42100042,10,118309,"BLAKE, A. B. -ET- -AL-",1,TEXAS HUGOTON,H & L GAS CO.,SHERMAN,Gas,
60554,20530153,10,6179,"POWELL, KENNETH L. ESTATE C",2D,LATHEM (CANYON GRANITE WASH),"RIO PETROLEUM, INC.",HARTLEY,Oil,
60659,6530015,10,3427,LUNDQUIST -A-,3D,PANHANDLE CARSON COUNTY FIELD,THE OPERATING CO.,CARSON,Oil,
60766,42101028,10,120006,BIVINS ESTATE -56-,1,TEXAS HUGOTON,AMOCO PRODUCTION COMPANY,SHERMAN,Gas,
60770,42100669,10,120005,BIVINS ESTATE,1,TEXAS HUGOTON,PANTERA ENERGY COMPANY,SHERMAN,Gas,
61344,34101092,10,120004,SUNRAY PLANT,1,"PANHANDLE, WEST",BP AMERICA PRODUCTION COMPANY,MOORE,Gas,
61458,23303918,10,702,WHITTENBURG,2D,PANHANDLE HUTCHINSON COUNTY FLD.,S. A. OIL ACCOUNT,HUTCHINSON,Oil,
61469,19500521,10,119616,HANSFORD COUNTY,1,"HANSFORD, NORTH (TONKAWA)",MAXUS EXPLORATION COMPANY,HANSFORD,Gas,
61529,34100920,10,121340,SWEATT SWD,1,"PANHANDLE, WEST",PANTERA ENERGY COMPANY,MOORE,Gas,
61629,34100243,10,121247,HARRISON,1,"PANHANDLE, WEST",MAXUS EXPLORATION COMPANY,MOORE,Gas,
61630,34100332,10,121248,MCMURRY -SWD-,1,TEXAS HUGOTON,MAXUS EXPLORATION COMPANY,MOORE,Gas,
61858,42130282,10,108016,CMF CORPORATION,451,TEXAS HUGOTON,BP AMERICA PRODUCTION COMPANY,SHERMAN,Gas,
62098,19530988,10,122605,HANSFORD -SWD-,1,HANNAS DRAW (HUGOTON),"HARMON, C. E. OIL, INC.",HANSFORD,Gas,
62105,34131883,10,122030,HASTIE,1,"PANHANDLE, WEST",EL PASO NATURAL GAS COMPANY,MOORE,Gas,
62108,48301616,10,1364,MANKINS,1D,PANHANDLE WHEELER COUNTY FIELD,"RENEAU, JAMES SEED CO.",WHEELER,Oil,
62541,35731850,10,4807,FIRST NATIONAL TRUST,8571,PSHIGODA (DOUGLAS),"COURSON OIL & GAS, INC.",OCHILTREE,Oil,
62545,21100065,10,2175,"JONES, OLIVE T.",4,FELDMAN (TONKAWA),MOBIL PRODUCING TX. & N.M. INC.,HEMPHILL,Oil,
63813,34181811,10,5331,HAILE,1D,PANHANDLE MOORE COUNTY FIELD,LERA,MOORE,Oil,
64067,7500060,10,3119,FOWLER-ELLIS UNIT,1 D,KIRKLAND (CISCO REEF),CORLENA OIL COMPANY,CHILDRESS,Oil,
64103,42130333,10,124859,CRAIG -G-,2,TEXAS HUGOTON,SCOUT ENERGY MANAGEMENT LLC,SHERMAN,Gas,
64109,42100908,10,34859,BLAKE UNIT,1D,TEXAS HUGOTON,"CRITERION ENERGY, LIMITED",SHERMAN,Gas,
64370,17930020,10,130816,HUSELBY,1073,THORNDIKE (MISSOURI LOWER),AMERICAN EXPLORATION COMPANY,GRAY,Gas,
64495,35730231,10,6464,"MCCARTOR ""A""",1,"BULER, NORTH (DOUGLAS)","OVERFLOW ENERGY, LLC",OCHILTREE,Oil,
64507,48301877,10,1981,"PORTER, D. H.",6,PANHANDLE WHEELER COUNTY FIELD,LUCONDA OIL,WHEELER,Oil,
66681,29531789,10,6520,BECHTHOLD,1024,BECHTHOLD (TONKAWA),"WRIGHT AURORA ENTERPRISES, LLC",LIPSCOMB,Oil,
66687,19530968,10,126627,LADD-ALEXANDER,101,BRILLHART (OSWEGO),"CHESAPEAKE OPERATING, INC.",HANSFORD,Gas,
67160,35930226,10,6654,BILLY'S CREEK,4,"BRANDI (GRANITE WASH, UPPER)",STEPHENS & JOHNSON OPERATING CO.,OLDHAM,Oil,
67226,48381453,10,2679,THROCKMORTON,3D,PANHANDLE WHEELER COUNTY FIELD,"PREMIER ENERGY, INC.",WHEELER,Oil,
67228,17903542,10,425,CHAPMAN /49/,1D,PANHANDLE GRAY COUNTY FIELD,MCSPADDEN OIL COMPANY,GRAY,Oil,
67238,42130237,10,127645,CORNELSON -SWD-,1,TEXAS HUGOTON,"SCHMID PROPERTIES, INC.",SHERMAN,Gas,
67796,35700930,10,3751,MCLAIN,3,"PAN PETRO (MORROW, UPPER)",APACHE CORPORATION,OCHILTREE,Oil,
68265,23382886,10,1134,HAMILTON,4,PANHANDLE HUTCHINSON COUNTY FLD.,SAND SPRINGS OIL & GAS CO.,HUTCHINSON,Oil,
68371,23300941,10,6597,"PARKS, A.L.",3,PANHANDLE HUTCHINSON COUNTY FLD.,"GRAIN MAKERS OIL CO., LLC",HUTCHINSON,Oil,
70032,6531191,10,3427,LUNDQUIST -A-,2,PANHANDLE CARSON COUNTY FIELD,"REDSTONE OPERATING, INC.",CARSON,Oil,
70076,29531835,10,6483,SMITH,2,BECHTHOLD (TONKAWA),INTEGRITY H2O LLC,LIPSCOMB,Oil,
70448,23304618,10,884,"RILEY -A-, -F-, -G- & -K-",3,PANHANDLE HUTCHINSON COUNTY FLD.,"HUBER, J. M., CORPORATION",HUTCHINSON,Oil,
70493,19580614,10,86482,PITTMAN,1,TEXAS HUGOTON,"HARMON, C. E. OIL, INC.",HANSFORD,Gas,
72518,29530063,10,6722,BARTON RANCH SWD,1D,BRADFORD (TONKAWA),UNIT PETROLEUM COMPANY,LIPSCOMB,Oil,
72963,35930149,10,6962,JK,4D,"SUNDANCE (GRANITE WASH, UP)",PRIDE ENERGY COMPANY,OLDHAM,Oil,
73172,23311857,10,35809,"BUCHNER, G. C., GAS UNIT",1,"HUTCHINSON, N. (WHITE DOLOMITE)",STRAT LAND EXPLORATION COMPANY,HUTCHINSON,Gas,
74382,19501143,10,136570,WOMBLE,2,"MORSE, SW (BROWN DOLOMITE)","HUBER, J. M., CORPORATION",HANSFORD,Gas,
74663,29530904,10,92334,HARRELSON,1,SPERRY (TONKAWA),TURNER TRANSPORTATION,LIPSCOMB,Gas,
74690,29530757,10,4552,RANDALL,3D,BRADFORD (TONKAWA),UNIT PETROLEUM COMPANY,LIPSCOMB,Oil,
75371,35731755,10,6219,"DORLEA ""#1-134""",1,"CREST (DES MOINES, N.)",WICHITA WATER LLC,OCHILTREE,Oil,BROWN DOLOMITE
76273,21130140,10,52360,MATHERS RANCH 157,13,"CANADIAN, SE (DOUGLAS)","TECOLOTE ENERGY OPERATING, LLC",HEMPHILL,Gas,BROWN DOLOMITE
76303,48302225,10,3736,PATTERSON SPECIAL,1D,PANHANDLE WHEELER COUNTY FIELD,THROCKMORTON OPERATING,WHEELER,Oil,
76443,17904885,10,2899,WRIGHT,6,PANHANDLE GRAY COUNTY FIELD,EXXCEL PRODUCTION COMPANY,GRAY,Oil,
77217,39331138,10,139418,"LIPS, BARBARA -158-",2A,ALPAR-LIPS (ST. LOUIS),PLAINS EXPLORATION & PROD. CO.,ROBERTS,Gas,
77811,23332386,10,139785,WEST TURKEY TRACK,6D,ARRINGTON (MORROW),TOM COBLE OIL & GAS LP,HUTCHINSON,Gas,
78883,23304358,10,2280,JOHNSON -B-,6,PANHANDLE HUTCHINSON COUNTY FLD.,"HUBER, J. M., CORPORATION",HUTCHINSON,Oil,
78927,19531168,10,145147,LEMMA -B-,2,FREEMAN RANCH (OSWEGO),SCOUT ENERGY MANAGEMENT LLC,HANSFORD,Gas,
79049,21130140,10,6906,MATHERS RANCH 157,13D,"CANADIAN, SE (DOUGLAS)",UMC PETROLEUM CORPORATION,HEMPHILL,Oil,
79736,23300112,10,894,WEATHERLY,42W,PANHANDLE HUTCHINSON COUNTY FLD.,"HUBER, J. M., CORPORATION",HUTCHINSON,Oil,
79737,20530207,10,6748,PROCTOR #1-66,166,PROCTOR RANCH (WOLFCAMP),CORLENA OIL COMPANY,HARTLEY,Oil,
80861,29530051,10,4011,IMKE #1,1,WILEY (TONKAWA),UNIT PETROLEUM COMPANY,LIPSCOMB,Oil,
80945,21100265,10,6933,TEXFEL,105W,"FELDMAN, S. E. (TONKAWA)",J-BREX COMPANY,HEMPHILL,Oil,
80981,23332520,10,147355,WEST TURKEY TRACK,23,ARRINGTON (GRANITE WASH),TOM COBLE OIL & GAS LP,HUTCHINSON,Gas,
82062,42130471,10,6663,COYLE,2D,PRICE-COYLE (MARMATON),"WALSH & WATTS, INC.",SHERMAN,Oil,
82480,29532013,10,6837,TROSPER,4,"TROSPER, SOUTH (TONKAWA)",STRAT LAND EXPLORATION COMPANY,LIPSCOMB,Oil,
82604,39330214,10,6923,CHAMBERS -119-,3,ALPAR POOL (TONKAWA),"ALPAR RESOURCES, INC.",ROBERTS,Oil,
82640,39330815,10,0,,1D,,,ROBERTS,,
82641,19520077,10,0,,1,,,HANSFORD,,
82642,35700000,10,0,,3,,,OCHILTREE,,
82643,35700000,10,0,,1,,,OCHILTREE,,
82882,23332518,10,6967,READ,1,"ARRINGTON, WEST (HUNTON)",COBLE OIL L.C.,HUTCHINSON,Oil,
82989,20530215,10,6748,PROCTOR #1-66,1063,PROCTOR RANCH (WOLFCAMP),CORLENA OIL COMPANY,HARTLEY,Oil,
83025,29530906,10,94650,SCHULTZ -D-,1,"MAMMOTH CREEK, NORTH (CLEVELAND)",STRAT LAND EXPLORATION COMPANY,LIPSCOMB,Gas,
83240,39330055,10,157165,"WELLS, J.O.",D  1,"CREE-FLOWERS(ALBANY DOLOMITE,LO)",LE NORMAN OPERATING LLC,ROBERTS,Gas,
83582,23332600,10,157651,HAMILTON-PHILLIPS,3901,"MORSE, SW (BROWN DOLOMITE)","LINN OPERATING, INC.",HUTCHINSON,Gas,
83946,42130311,10,0,,1,,,SHERMAN,,
84603,20500023,10,7099,"LATHEM, W. H. 5",1D,LATHEM (CANYON GRANITE WASH),"RIO PETROLEUM, INC.",HARTLEY,Oil,BROWN DOLOMITE
84850,35731422,10,146806,BOLERJACK,1048,SMITH PERRYTON (MISSISSIPPIAN),"QUANAH PANHANDLE, LLC",OCHILTREE,Gas,BROWN DOLOMITE
85242,21132043,10,160968,GEORGIA,106UT,WASHITA CREEK (BROWNSVILLE),KAISER-FRANCIS OIL COMPANY,HEMPHILL,Gas,
85252,42130499,10,164582,PITTMAN B,1,"MORSE, SW (BROWN DOLOMITE)","HUBER, J. M., CORPORATION",SHERMAN,Gas,
85492,29531342,10,0,,114,,,LIPSCOMB,,
85527,42100366,10,160731,LASLEY,1,TEXAS HUGOTON,J. W. RESOURCES INC.,SHERMAN,Gas,
85549,29531342,10,113224,GILLESPIE,1014,WINDY POINT (MORROW),"ARBUCKLE ENTERPRISES, INC.",LIPSCOMB,Gas,
85636,21131460,10,5091,FLOWERS 61,6061,"MENDOTA, NW. (DOUGLAS, LO.)",CIMAREX ENERGY CO. OF COLORADO,HEMPHILL,Oil,
85665,19530787,10,141190,GUTHRIE,1,SPEARMAN NW (DOUGLAS),"COMPLETE ENERGY SERVICES, INC.",HANSFORD,Gas,
86123,19531296,10,166451,"COLLARD, STEELE A",3,"HANSFORD, NORTH (WOLFCAMP)",PRESIDIO PETROLEUM LLC,HANSFORD,Gas,
86203,23332734,10,7201,"HERRING, W.E.",702,PANHANDLE HUTCHINSON COUNTY FLD.,SCOUT ENERGY MANAGEMENT LLC,HUTCHINSON,Oil,
86219,23330944,10,1798,"LOEBER, NELLIE",7,PANHANDLE HUTCHINSON COUNTY FLD.,G C & W INC.,HUTCHINSON,Oil,
86405,35732054,10,6968,LINA C,6,WOLFCREEK (DOUGLAS),CONOCOPHILLIPS COMPANY,OCHILTREE,Oil,
86442,23332751,10,986,"HERRING, -A- & -B-",A 20D,PANHANDLE HUTCHINSON COUNTY FLD.,SCOUT ENERGY MANAGEMENT LLC,HUTCHINSON,Oil,
86598,6532014,10,164787,POLING,C  1B,"PANHANDLE, WEST",SCOUT ENERGY MANAGEMENT LLC,CARSON,Gas,
86627,23332661,10,0,,4,,,HUTCHINSON,,
86631,42130653,10,166832,PITTMAN A,2,"MORSE, SW (BROWN DOLOMITE)","LINN OPERATING, INC.",SHERMAN,Gas,
86644,23332702,10,7212,HOLT-EISENHAUER A,5,HUTCHINSON N. (GRANITE WASH),CONOCOPHILLIPS COMPANY,HUTCHINSON,Oil,
86907,23332763,10,7165,HAZEL,12D,PANHANDLE HUTCHINSON COUNTY FLD.,SCOUT ENERGY MANAGEMENT LLC,HUTCHINSON,Oil,
87220,19531327,10,167518,CATOR -E-,3 W,"MORSE, SW (BROWN DOLOMITE)",SCOUT ENERGY MANAGEMENT LLC,HANSFORD,Gas,
87241,35700226,10,6896,"HASSENSTAB, LEONARD",2SW,CREST (DES MOINES),"SUNLIGHT EXPLORATION, INC.",OCHILTREE,Oil,
87287,23332771,10,1798,"LOEBER, NELLIE",1W,PANHANDLE HUTCHINSON COUNTY FLD.,BORGER RESOURCES 3 LLC,HUTCHINSON,Oil,
87438,39330048,10,94933,"FLOWERS, R. A.",2,"MENDOTA, NW. (MOORE CO. LIME)","TECOLOTE ENERGY OPERATING, LLC",ROBERTS,Gas,
87653,35700955,10,2823,"ROGERS, ANNIE E.",1,FARNSWORTH-CONNER (DES MOINES),"JADE MINERAL HOLDINGS, L.L.C.",OCHILTREE,Oil,"BROWN DOLOMITE, WOLFCAMP"
87754,48331535,10,7208,REEVES,1D,THORNDIKE (MISSOURI LOWER),GINNINGS COMPANY,WHEELER,Oil,
87847,23332803,10,985,"CARVER, W. A.",40D,PANHANDLE HUTCHINSON COUNTY FLD.,SCOUT ENERGY MANAGEMENT LLC,HUTCHINSON,Oil,
88043,23332831,10,170856,WOMBLE,407W,"MORSE, SW (BROWN DOLOMITE)","COMSTOCK OIL & GAS, LP",HUTCHINSON,Gas,
88202,42100930,10,170806,DOOLEY,3070D,TEXAS HUGOTON,J. W. RESOURCES INC.,SHERMAN,Gas,
88353,23300000,10,0,,1,,,HUTCHINSON,,
88518,34100000,10,4411,"ARMSTRONG, M.B.",16D,PANHANDLE HUTCHINSON COUNTY FLD.,GETTY OIL CO.,MOORE,Oil,
88559,29531414,10,6328,SELL (UPPER MORROW) UNIT,1,SELL (UPPER MORROW),WILLIFORD ENERGY COMPANY,LIPSCOMB,Oil,
88725,34130602,10,0,,119,,,MOORE,,
88812,19500000,10,0,,157U,,,HANSFORD,,
88866,48330054,10,173847,"BAILEY ""A""",1,THORNDIKE (ATOKA),"RIO PETROLEUM, INC.",WHEELER,Gas,
88997,39331277,10,8143,"LOCKE, AGATHA",1,"QUINDUNO (ALBANY DOLOMITE, LO.)",PANTERA ENERGY COMPANY,ROBERTS,Oil,
89175,19500409,10,27358,SEALY & SMITH,1,TEXAS HUGOTON,"HARMON, C. E. OIL, INC.",HANSFORD,Gas,
90348,29532473,10,0,,1,,,LIPSCOMB,,
90978,29530271,10,72316,LOTZ -419-,1,"LIPSCOMB, S. W. (CLEVELAND)","CJD DISPOSALS, LLC",LIPSCOMB,Gas,BROWN DOLOMITE
91319,21131625,10,137332,TEAS,1017,BUFFALO WALLOW (DOUGLAS),"NEUMEIER DRILLING FLUIDS, L.L.C.",HEMPHILL,Gas,
92133,21131090,10,189038,ZYBACH 66,4,BRISCOE (14000),"4P ENERGY TEXAS, LLC",HEMPHILL,Gas,
92227,19500000,10,0,,3,,,HANSFORD,,
92444,19500200,10,22,"COLLIER, HJ -E-",2,HITCHLAND (4640),EXXON MOBIL CORPORATION,HANSFORD,Oil,
92572,48331528,10,190917,PATTERSON,7,MOBEETIE (DOUGLAS),"PABLO ENERGY, INC.",WHEELER,Gas,
92774,21131470,10,7451,MEADOWS,105,BUFFALO WALLOW (GRANITE WASH),"COMPLETE ENERGY SERVICES, INC.",HEMPHILL,Oil,
92868,39331523,10,191277,"HALL ""A""",1,RED DEER (BROWN DOLOMITE),"NEUMEIER DRILLING FLUIDS, L.L.C.",ROBERTS,Gas,
92914,19501285,10,7491,"COLLIER, H. J.",2D,HITCHLAND (4640),XTO ENERGY INC.,HANSFORD,Oil,
93545,48330879,10,7494,"TERRY, KATE",106,BUFFALO WALLOW (GRANITE WASH),"COMPLETE ENERGY SERVICES, INC.",WHEELER,Oil,
93653,21131940,10,136083,"MEEK, J. P.",1069,BUFFALO WALLOW (GRANITE WASH),"TECOLOTE ENERGY OPERATING, LLC",HEMPHILL,Gas,BROWN DOLOMITE
93749,21132632,10,191269,HODGES,3101,BUFFALO WALLOW (GRANITE WASH),NOBLE ENERGY INC,HEMPHILL,Gas,
94003,21132902,10,202072,CARR 13,1,BUFFALO WALLOW (GRANITE WASH),UNIT PETROLEUM COMPANY,HEMPHILL,Gas,
94004,21130157,10,226640,HOBART 49 SWD,1,HEMPHILL (GRANITE WASH.),"TECOLOTE ENERGY OPERATING, LLC",HEMPHILL,Gas,
94112,21131335,10,211570,FILLINGIM 88,1A,BUFFALO WALLOW (GRANITE WASH),"4P ENERGY TEXAS, LLC",HEMPHILL,Gas,
94397,48331703,10,208457,ATHERTON,1D,STILES RANCH (GRANITE WASH CONS),"4P ENERGY TEXAS, LLC",WHEELER,Gas,
94484,21133049,10,207040,VISE SWD,1052,BUFFALO WALLOW (GRANITE WASH),LE NORMAN OPERATING LLC,HEMPHILL,Gas,BROWN DOLOMITE
94485,21133048,10,211940,THOMAS SWD,1048,BUFFALO WALLOW (GRANITE WASH),LE NORMAN OPERATING LLC,HEMPHILL,Gas,BROWN DOLOMITE
94517,48331203,10,212747,EDWARDS,2,WHEELER N.E. (GRANITE WASH),"COMPLETE ENERGY SERVICES, INC.",WHEELER,Gas,
94659,21132685,10,194375,HODGES 233,1,BUFFALO WALLOW (GRANITE WASH),"NEUMEIER DRILLING FLUIDS, L.L.C.",HEMPHILL,Gas,
94884,21133136,10,209650,FILLINGIM-TEAS 87,17,BUFFALO WALLOW (GRANITE WASH),"TECOLOTE ENERGY OPERATING, LLC",HEMPHILL,Gas,
94993,48330670,10,209863,"ZYBACH, BOB",1,"ALLISON PARKS (MORROW, UP.)","COMPLETE ENERGY SERVICES, INC.",WHEELER,Gas,"BROWN DOLOMITE, PENN LIME/ SHALE"
95035,48331628,10,197905,SANDMAN,1,ALLEN-ENGLER (BROWN DOLOMITE),"SLT DAKOTA OPERATING, INC.",WHEELER,Gas,
95064,21133202,10,213295,PRATER,10SW,BUFFALO WALLOW (GRANITE WASH),"4P ENERGY TEXAS, LLC",HEMPHILL,Gas,
95320,21132460,10,8189,HEXT 60,1,FELDMAN (TONKAWA),INTEGRITY H2O LLC,HEMPHILL,Oil,DOLOMITE
95342,48331360,10,127562,BRITT RANCH UNIT,3701W,STILES RANCH (GRANITE WASH CONS),SPITFIRE ENERGY GROUP LLC,WHEELER,Gas,
95439,21130620,10,224637,WILLIS SWD,1,BUFFALO WALLOW (GRANITE WASH),UNIT PETROLEUM COMPANY,HEMPHILL,Gas,
95442,48331890,10,214110,REED,1,STILES RANCH (GRANITE WASH CONS),"COMPLETE ENERGY SERVICES, INC.",WHEELER,Gas,
95480,21133310,10,211127,ABRAHAM DISPOSAL UNIT,1,"MENDOTA, NW. (GRANITE WASH)","TECOLOTE ENERGY OPERATING, LLC",HEMPHILL,Gas,
95481,21133411,10,213216,GRANT MEEK 68,3,BUFFALO WALLOW (GRANITE WASH),"4P ENERGY TEXAS, LLC",HEMPHILL,Gas,BROWN DOLOMITE
95552,21133356,10,218617,FILLINGIM 44 SWD,1,BUFFALO WALLOW (GRANITE WASH),"TECOLOTE ENERGY OPERATING, LLC",HEMPHILL,Gas,
95585,21133424,10,224726,HEMPHILL WALSER 11,12,BUFFALO WALLOW (GRANITE WASH),"4P ENERGY TEXAS, LLC",HEMPHILL,Gas,
95870,48331962,10,215829,REED SWD,1,B & B (GRANITE WASH),"4P ENERGY TEXAS, LLC",WHEELER,Gas,BROWN DOLOMITE
95894,48332010,10,218356,ZYBACH 65,4D,BUFFALO WALLOW (GRANITE WASH),"4P ENERGY TEXAS, LLC",WHEELER,Gas,
96038,48332047,10,222421,ROBERTS 14,2D,DYCO (GRANITE WASH),"4P ENERGY TEXAS, LLC",WHEELER,Gas,
96039,21133520,10,0,,25,,,HEMPHILL,,
96041,48332046,10,222433,LOHBERGER 25,4D,DYCO (GRANITE WASH),"4P ENERGY TEXAS, LLC",WHEELER,Gas,
96042,21100096,10,222422,LOCKE 60,4D,DYCO (GRANITE WASH),"4P ENERGY TEXAS, LLC",HEMPHILL,Gas,
96060,48331974,10,7770,FRYE RANCH SWD,1,FRYE RANCH (CONSOLIDATED),SPITFIRE ENERGY GROUP LLC,WHEELER,Oil,BROWN DOLOMITE
96232,48332037,10,224666,RN BYERS UNIT SWD,1,LISTER (GRANITE WASH),UNIT PETROLEUM COMPANY,WHEELER,Gas,
96348,48332049,10,224177,WEST PARK SWD 18,1,WEST PARK (GRANITE WASH),"TECOLOTE ENERGY OPERATING, LLC",WHEELER,Gas,BROWN DOLOMITE
96494,21133882,10,232224,LOLA 235,6,BUFFALO WALLOW (GRANITE WASH),"4P ENERGY TEXAS, LLC",HEMPHILL,Gas,
96495,48332152,10,7710,HINK DISPOSAL,107D,BRITT RANCH W. (GRANITE WASH A ),HINK ENERGY LLC,WHEELER,Oil,
96596,21132645,10,219911,"ROSS, A.A.",1071D,HEMPHILL (GRANITE WASH.),PANTERA ENERGY COMPANY,HEMPHILL,Gas,
96638,4530556,10,0,,1,,,BRISCOE,,
96679,48331232,10,118448,BRITT,1,BRITT RANCH W. (GRANITE WASH A ),"ENERVEST OPERATING, L.L.C.",WHEELER,Gas,
96727,21133580,10,234654,PATRICK 22,3SW,BUFFALO WALLOW (GRANITE WASH),CIMAREX ENERGY CO.,HEMPHILL,Gas,
96843,48332174,10,225864,HEFLEY SWD,1,BUFFALO WALLOW (GRANITE WASH),"TECOLOTE ENERGY OPERATING, LLC",WHEELER,Gas,
96915,21100000,10,0,,9,,,HEMPHILL,,
97062,48332099,10,7731,MADISON SWD,1,KELTON N. (GRANITE WASH),"NEUMEIER DRILLING FLUIDS, L.L.C.",WHEELER,Oil,
97085,48331180,10,111099,BURTON,1010,REDDING (HUNTON),"TOP O'TEXAS ENERGY, L.P.",WHEELER,Gas,
97094,21133880,10,235001,MENDOTA RANCH 13,9,"MENDOTA, NW. (GRANITE WASH)","TECOLOTE ENERGY OPERATING, LLC",HEMPHILL,Gas,
97236,48331354,10,228778,HELTON,1049,BRISCOE (MORROW),"NEUMEIER DRILLING FLUIDS, L.L.C.",WHEELER,Gas,
97244,48332345,10,232223,FRYE 9,3,FRYE RANCH (CONSOLIDATED),"4P ENERGY TEXAS, LLC",WHEELER,Gas,
97246,48332267,10,232222,PURYEAR 27 SWD,1,BRITT RANCH W. (GRANITE WASH A ),"4P ENERGY TEXAS, LLC",WHEELER,Gas,
97790,21131106,10,86055,"VISE, JOHN",1,BRISCOE (CHERT),FOREST OIL CORPORATION,HEMPHILL,Gas,
97861,21132932,10,202238,PEAK-BOURASSA,107,BUFFALO WALLOW (GRANITE WASH),LE NORMAN OPERATING LLC,HEMPHILL,Gas,BROWN DOLOMITE
97864,21133969,10,7934,MAKE BELIEVE,1 D,SHREIKEY (GRANITE WASH),"WINRIGHT RESOURCES OPERATING,LLC",HEMPHILL,Oil,
97866,21133952,10,230515,HARDIN 77 SWD,1,"MENDOTA, NW. (GRANITE WASH)",SPITFIRE ENERGY GROUP LLC,HEMPHILL,Gas,BROWN DOLOMITE
98080,35930015,10,3662,ALAMOSA -315-,8,MANARTE (GRANITE WASH UPPER),"LADDEX, LTD.",OLDHAM,Oil,
98260,48332543,10,238169,BYRD 42,1,STILES RANCH (GRANITE WASH CONS),"4P ENERGY TEXAS, LLC",WHEELER,Gas,
98571,35732529,10,225751,PATRIOT SWD,101,PERRYTON (ST. LOUIS),"OVERFLOW ENERGY, LLC",OCHILTREE,Gas,"DOLOMITE, WOLFCAMP"
98580,29532230,10,6998,HARRIS,2,WILEY (TONKAWA),"OVERFLOW ENERGY, LLC",LIPSCOMB,Oil,
98628,35732301,10,239041,RONALD REAGAN SWD,1,PEERY (CLEVELAND),"OVERFLOW ENERGY, LLC",OCHILTREE,Gas,
98787,48332570,10,238167,HOLT SWD,1,WEST PARK (GRANITE WASH),"TECOLOTE ENERGY OPERATING, LLC",WHEELER,Gas,
98848,21134213,10,7951,IMAGINE SWD,1,SHREIKEY (GRANITE WASH),"WINRIGHT RESOURCES OPERATING,LLC",HEMPHILL,Oil,
98849,48332581,10,8058,BRITT SWD,1,STILES RANCH (GRANITE WASH),SPITFIRE ENERGY GROUP LLC,WHEELER,Oil,BROWN DOLOMITE
98870,48331588,10,8034,"BRITT RANCH ""E""",308,STILES RANCH (GRANITE WASH),SPITFIRE ENERGY GROUP LLC,WHEELER,Oil,
98871,48331321,10,126074,"BRITT, THOMAS",106,ALLISON-BRITT (12350),LE NORMAN OPERATING LLC,WHEELER,Gas,
98937,35730306,10,7881,BOUNCER,2A,"FARNSWORTH, N. (MARMATON)","QUANAH PANHANDLE, LLC",OCHILTREE,Oil,BROWN DOLOMITE
99309,42130480,10,6501,CARLANDER,6A,CARLANDER (MARMATON),SCOUT ENERGY MANAGEMENT LLC,SHERMAN,Oil,
99563,20530123,10,7982,JO ANN,1,"LATHEM, S.(DES MOINES)","FORTAY, INC.",HARTLEY,Oil,
99675,21134183,10,248087,HEMPHILL SWD 5,1,HEMPHILL (GRANITE WASH.),"TECOLOTE ENERGY OPERATING, LLC",HEMPHILL,Gas,
99732,21132303,10,0,,2W,,,HEMPHILL,,
99753,29530961,10,7957,RADAR,1,CARROLL (CLEVELAND),"JONES ENERGY, LLC",LIPSCOMB,Oil,DOLOMITE
100392,34133108,10,8088,M&M,1,PANHANDLE MOORE COUNTY FIELD,J. W. RESOURCES INC.,MOORE,Oil,
100394,39332164,10,0,,1,,,ROBERTS,,
100624,7530130,10,7952,MCMINN SWD,1,"KIRKLAND, S. (CANYON REEF)",CORLENA OIL COMPANY,CHILDRESS,Oil,
100631,35730158,10,203143,21 MILE SWD,1,PAN PETRO (NOVI),"OVERFLOW ENERGY, LLC",OCHILTREE,Gas,"BROWN DOLOMITE, WOLFCAMP LOWER"
100634,17932480,10,269647,DALTON,1,"LAKETON, EAST (ARBUCKLE)","HERITAGE PETROLEUM, INC.",GRAY,Gas,"BROWN DOLOMITE, VERDIGRIS LIME, WOLFCAMP, GRANITE WASH"
100681,19531772,10,232580,MARY B,1,"SHARE (MORROW, UPPER)",PRESIDIO PETROLEUM LLC,HANSFORD,Gas,
100844,21131541,10,260638,KAY,1,BUFFALO WALLOW (MORROW),CAPSTONE CACTUS OPERATING COMP.,HEMPHILL,Gas,
100845,21131802,10,0,,2,,,HEMPHILL,,
100922,35732117,10,7060,DICKENSON (UPPER MORROW) UNIT,504,"RICKS (MORROW, UPPER)","TABULA RASA ENERGY, LLC",OCHILTREE,Oil,
100956,48331653,10,208962,"MEEK, KAREN 71",1,BUFFALO WALLOW (GRANITE WASH),"TECOLOTE ENERGY OPERATING, LLC",WHEELER,Gas,
101043,29533232,10,235865,BRAVEHEART,2H,"LIPSCOMB, S.E. (CLEVELAND)","OVERFLOW ENERGY, LLC",LIPSCOMB,Gas,
101106,29500000,10,0,,2WD,,,LIPSCOMB,,
101169,21132348,10,7323,LOIS,1,"HEMPHILL, SOUTH (DOUGLAS)","TECOLOTE ENERGY OPERATING, LLC",HEMPHILL,Oil,
101190,23333421,10,7801,SPURLOCK,20D,PANHANDLE HUTCHINSON COUNTY FLD.,SCOUT ENERGY MANAGEMENT LLC,HUTCHINSON,Oil,
101318,48332875,10,276277,BUD HOGAN SWD 44,2,MOBEETIE (BR DOLO H2S DISPOSAL),MOBEETIE RESOURCE DEV LLC,WHEELER,Gas,
101398,35732727,10,8159,BECHTHOLD B,1,ALLEN-PARKER (MARMATON),UNIT PETROLEUM COMPANY,OCHILTREE,Oil,
101485,21134641,10,255528,HOOVER SWD,1,"CANADIAN, SE (DOUGLAS)","COMPLETE ENERGY SERVICES, INC.",HEMPHILL,Gas,
101487,35730108,10,8134,BMB 1019 SWD,1,CREST (DES MOINES),"OVERFLOW ENERGY, LLC",OCHILTREE,Oil,
101702,39332280,10,8165,WATERFIELD,1SW,"PARSELL, SE. (DOUGLAS)","COMPLETE ENERGY SERVICES, INC.",ROBERTS,Oil,
101705,48332921,10,258610,CHILDREN'S HOME 2,1D,FRYE RANCH (CONSOLIDATED),"4P ENERGY TEXAS, LLC",WHEELER,Gas,BROWN DOLOMITE
101902,48333027,10,259244,HUFF 32,11,STILES RANCH (GRANITE WASH CONS),"4P ENERGY TEXAS, LLC",WHEELER,Gas,BROWN DOLOMITE
102194,35730005,10,3740,NORTH PERRYTON UNIT,W  1W,"PERRYTON, NORTH (GEORGE MORROW)","TABULA RASA ENERGY, LLC",OCHILTREE,Oil,BROWN DOLOMITE
102298,20530330,10,8179,LADY LUCK,1013,TEXAS CAPITAL DOORS (GRANITE W),"FORTAY, INC.",HARTLEY,Oil,BROWN DOLOMITE
102643,35732167,10,174890,PERRYTON GAS UNIT,2,CUTTER (CHESTER),"CJD DISPOSALS, LLC",OCHILTREE,Gas,DOLOMITE
102644,21130090,10,51512,"HELTON, MELVIN",2,BUFFALO WALLOW (MORROW),CHEVRON U. S. A. INC.,HEMPHILL,Gas,MORROW
102733,35732976,10,8699,281 SWD,1,PAN PETRO (CLEVELAND),"OVERFLOW ENERGY, LLC",OCHILTREE,Oil,"PANHANDLE LIME, BROWN DOLOMITE, WOLFCAMP LOWER"
103019,35930328,10,8366,BIVINS-LIT,301X,PAINT RIDGE (CANYON GRANITE WSH),APACHE CORPORATION,OLDHAM,Oil,STRAWN
103138,39332356,10,0,,1,,,ROBERTS,,"PANHANDLE LIME, BROWN DOLOMITE, WOLFCAMP LOWER"
103166,48331674,10,0,,1,,,WHEELER,,"PANHANDLE LIME, BROWN DOLOMITE, WOLFCAMP LOWER"
103167,48333213,10,8363,WHEELER EAST SWD,1,KELTON N. (GRANITE WASH),"OVERFLOW ENERGY, LLC",WHEELER,Oil,"PANHANDLE LIME, BROWN DOLOMITE, COUNCIL GROVE"
103189,48333139,10,263322,BUFFALO WALLOW SWD 3,1,BUFFALO WALLOW (GRANITE WASH),"TECOLOTE ENERGY OPERATING, LLC",WHEELER,Gas,BROWN DOLOMITE
103411,48333393,10,8544,RATICAR SWD,1044,WHEELER N.E. (GRANITE WASH),SPITFIRE ENERGY GROUP LLC,WHEELER,Oil,BROWN DOLOMITE
103412,48333332,10,9423,FOREST OIL SWD,1053,FRYE RANCH (CONSOLIDATED),SPITFIRE ENERGY GROUP LLC,WHEELER,Oil,BROWN DOLOMITE
103605,35732500,10,281675,HARDY SWD,3049,ELLIS RANCH (CLEVELAND),INTEGRITY H2O LLC,OCHILTREE,Gas,BROWN DOLOMITE
103623,48332704,10,261901,STANLEY,104,FRYE RANCH (CONSOLIDATED),UNIT PETROLEUM COMPANY,WHEELER,Gas,BROWN DOLOMITE
103787,21134898,10,266306,8333 SWD,1,HEMPHILL (GRANITE WASH.),"OVERFLOW ENERGY, LLC",HEMPHILL,Gas,"BROWN DOLOMITE, WOLFCAMP LOWER"
103857,21134940,10,8570,MOORE FAMILY FARMS SWD,1046,BUFFALO WALLOW (GRANITE WASH),SPITFIRE ENERGY GROUP LLC,HEMPHILL,Oil,BROWN DOLOMITE
103884,21130613,10,4129,VOLLMERT,2,"MENDOTA, NW. (DOUGLAS, LO.)",UNIT PETROLEUM COMPANY,HEMPHILL,Oil,BROWN DOLOMITE
103940,39332340,10,266727,283 SWD,2,ROBERTS CO. (ST. LOUIS),"OVERFLOW ENERGY, LLC",ROBERTS,Gas,"PANHANDLE LIME, BROWN DOLOMITE, WOLFCAMP LOWER"
103942,21134963,10,264641,WILMETH SWD,1,TEPE SLAVIN (DOUGLAS),"COMPLETE ENERGY SERVICES, INC.",HEMPHILL,Gas,DOLOMITE
104118,48333752,10,0,,1,,,WHEELER,,BROWN DOLOMITE
104270,21134859,10,263447,B & H SWD,1,"ALLISON PARKS (MORROW, UP.)","B & H DISPOSAL SYSTEMS, LLC",HEMPHILL,Gas,DOLOMITE
104291,48330773,10,267872,CHAMP DAVIS,2056,STILES RANCH (MORROW),STILES SERVICES LLC,WHEELER,Gas,BROWN DOLOMITE
104399,48333214,10,265932,BRISCOE SWD,1,BUFFALO WALLOW (GRANITE WASH),"OVERFLOW ENERGY, LLC",WHEELER,Gas,"PANHANDLE LIME, BROWN DOLOMITE, COUNCIL GROVE"
104424,48300000,10,0,,1,,,WHEELER,,BROWN DOLOMITE
104503,48333166,10,263506,ODESSA 17,1D,FRYE RANCH (CONSOLIDATED),"4P ENERGY TEXAS, LLC",WHEELER,Gas,BROWN DOLOMITE
104732,48330481,10,9486,TIPPS SWD,1,BUFFALO WALLOW (GRANITE WASH),"OVERFLOW ENERGY, LLC",WHEELER,Oil,"BROWN DOLOMITE, PANHANDLE LIME, WOLFCAMP LOWER"
104974,35730104,10,2959,FARNSWORTH UNIT,1311,FARNSWORTH (MORROW UPPER),"TABULA RASA ENERGY, LLC",OCHILTREE,Oil,BROWN DOLOMITE
105022,48300000,10,0,,1,,,WHEELER,,BROWN DOLOMITE
105326,35730777,10,74405,CUDD,1,MCGEE (MORROW UPPER),"OVERFLOW ENERGY, LLC",OCHILTREE,Gas,"PANHANDLE LIME/BROWN DOLOMITE, COUNCIL GROVE, DOUGLAS"
105405,29533903,10,8779,LAVADA SWD,1,LIPSCOMB (CLEVELAND),"JONES ENERGY, LLC",LIPSCOMB,Oil,BROWN DOLOMITE
105452,39332446,10,8576,FIELDS SWD,1,"MENDOTA, NW. (GRANITE WASH)","OVERFLOW ENERGY, LLC",ROBERTS,Oil,"PANHANDLE LIME, BROWN DOLOMITE"
105485,35730916,10,7218,SYMONS SWD,1,"PERRYTON, N. E. (MARMATON)","OVERFLOW ENERGY, LLC",OCHILTREE,Oil,"PANHANDLE LIME, BROWN DOLOMITE"
105557,48333429,10,268762,HIGHWAY 152 SWD,1,FRYE RANCH (CONSOLIDATED),"NGL WATER SOLUTIONS PERMIAN, LLC",WHEELER,Gas,BROWN DOLOMITE
105600,35732680,10,8639,JAY SWD,1,TWITCHELL (CHESTER),"RESOURCE OIL AND GAS, LLC",OCHILTREE,Oil,"PANHANDLE LIME, BROWN DOLOMITE"
105938,48333520,10,8766,KELTON 19 SWD,1,MILLS RANCH (GRANITE WASH),"OVERFLOW ENERGY, LLC",WHEELER,Oil,BROWN DOLOMITE
105964,48333303,10,0,,101,,,WHEELER,,BROWN DOLOMITE
106456,35930328,10,8366,BIVINS-LIT,301,PAINT RIDGE (CANYON GRANITE WSH),PRESIDIO PETROLEUM LLC,OLDHAM,Oil,BROWN DOLOMITE
106805,48330495,10,276388,FOSTER-WHEELER,1,MILLS RANCH (ATOKA),"OVERFLOW ENERGY, LLC",WHEELER,Gas,BROWN DOLOMITE
107064,35930372,10,8802,ROUGH RIDER,1,PAINT RIDGE (CANYON GRANITE WSH),"NEAS OPERATING, LLC",OLDHAM,Oil,BROWN DOLOMITE
107257,48333624,10,0,,1,,,WHEELER,,BROWN DOLOMITE
107305,19501288,10,28424,"MATHEWS, V.",1,HANSFORD (MISSISSIPPIAN),STRAT LAND EXPLORATION COMPANY,HANSFORD,Gas,WHITE DOLOMITE
107319,35733175,10,0,,1,,,OCHILTREE,,"PANHANDLE LIME, BROWN DOLOMITE, COUNCIL GROVE"
107437,29532608,10,7412,LOCUS GROVE SWD #1,1,HIGGINS W. (CLEVELAND),"OVERFLOW ENERGY, LLC",LIPSCOMB,Oil,"BROWN DOLOMITE, WOLFCAMP LOWER"
107465,29533974,10,0,,1,,,LIPSCOMB,,"PANHANDLE LIME, BROWN DOLOMITE, COUNCIL GROVE"
107535,48333640,10,0,,1,,,WHEELER,,"BROWN DOLOMITE, COUNCIL GROVE"
107536,23333489,10,1187,JOHNSON RANCH -A-,101WI,PANHANDLE HUTCHINSON COUNTY FLD.,"MOMENTUM OPERATING CO., INC.",HUTCHINSON,Oil,ARKOSIC LIME
108098,29530890,10,8794,GINTER SWD,1,"BOOKER, SW. (CLEVELAND)","OVERFLOW ENERGY, LLC",LIPSCOMB,Oil,"PANHANDLE LIME, BROWN DOLOMITE, WOLFCAMP LOWER"
108364,35733252,10,273846,ARCHER 50 SWD,1,ALLEN-PARKER (MARMATON),"RESOURCE OIL AND GAS, LLC",OCHILTREE,Gas,BROWN DOLOMITE
108420,35733251,10,278207,FLATHERS 140 SWD,1,PRICE (BROWN DOLOMITE),"RESOURCE OIL AND GAS, LLC",OCHILTREE,Gas,BROWN DOLOMITE
108465,35733241,10,274500,HRW CANADIAN SWD,1,DAVIS DRAW (MORROW LOWER),"NGL WATER SOLUTIONS PERMIAN, LLC",OCHILTREE,Gas,BROWN DOLOMITE
108510,35733315,10,9309,S CURVE WEST SWD,1,PAN PETRO (CLEVELAND),"OVERFLOW ENERGY, LLC",OCHILTREE,Oil,"PANHANDLE LIME, BROWN DOLOMITE, COUNCIL GROVE"
108557,21131343,10,108436,DIXON,2056,BUFFALO WALLOW (GRANITE WASH),UNIT PETROLEUM COMPANY,HEMPHILL,Gas,BROWN DOLOMITE
108616,21133208,10,210854,CARR 14,1411 P,BUFFALO WALLOW (GRANITE WASH),UNIT PETROLEUM COMPANY,HEMPHILL,Gas,
108732,48331059,10,278336,MOORE SWD,2,STILES RANCH (GRANITE WASH CONS),"OVERFLOW ENERGY, LLC",WHEELER,Gas,BROWN DOLOMITE
108786,39332303,10,8624,QUARTER HORSE RD SWD,1,"PARSELL, SE. (DOUGLAS)","OVERFLOW ENERGY, LLC",ROBERTS,Oil,"WOLFCAMP, PANHANDLE LIME, BROWN DOLOMITE"
108809,21135241,10,9306,GLAZIER SWD,1,HEMPHILL (GRANITE WASH.),"OVERFLOW ENERGY, LLC",HEMPHILL,Oil,"PANHANDLE LIME, BROWN DOLOMITE, COUNCIL GROVE"
108859,21135259,10,9350,STATE LINE 33 SWD,1,"LIPSCOMB, S.E. (CLEVELAND)","OVERFLOW ENERGY, LLC",HEMPHILL,Oil,"BROWN DOLOMITE, WOLFCAMP LOWER"
108875,21133745,10,225505,KEETON,5609P,BUFFALO WALLOW (GRANITE WASH),UNIT PETROLEUM COMPANY,HEMPHILL,Gas,BROWN DOLOMITE
108904,48333793,10,276592,STILES WEST SWD,1,STILES RANCH (GRANITE WASH CONS),"OVERFLOW ENERGY, LLC",WHEELER,Gas,"PANHANDLE LIME, BROWN DOLOMITE, COUNCIL GROVE"
108946,48333783,10,275398,HWY 152 SWD,2,FRYE RANCH (CONSOLIDATED),"NGL WATER SOLUTIONS PERMIAN, LLC",WHEELER,Gas,TONKAWA
108948,35732721,10,8364,"WILD ""A""",1,"PERRYTON (MORROW, UPPER)","RESOURCE OIL AND GAS, LLC",OCHILTREE,Oil,BROWN DOLOMITE
108999,21132663,10,198244,GRAHAM P,4614,BUFFALO WALLOW (GRANITE WASH),UNIT PETROLEUM COMPANY,HEMPHILL,Gas,BROWN DOLOMITE
109014,48333795,10,276525,STILES EAST SWD,1,STILES RANCH (GRANITE WASH CONS),"OVERFLOW ENERGY, LLC",WHEELER,Gas,BROWN DOLOMITE
109162,21133149,10,219374,CARR,5401,BUFFALO WALLOW (GRANITE WASH),UNIT PETROLEUM COMPANY,HEMPHILL,Gas,BROWN DOLOMITE
109172,21133390,10,216385,MEEK 68,6824P,BUFFALO WALLOW (GRANITE WASH),UNIT PETROLEUM COMPANY,HEMPHILL,Gas,BROWN DOLOMITE
109176,21132915,10,201510,TEAS 43,4307P,BUFFALO WALLOW (GRANITE WASH),UNIT PETROLEUM COMPANY,HEMPHILL,Gas,BROWN DOLOMITE
109235,21131484,10,101639,HOLLAND -C-,5712,BUFFALO WALLOW (GRANITE WASH),UNIT PETROLEUM COMPANY,HEMPHILL,Gas,BROWN DOLOMITE
109238,21132458,10,180454,BROCK -A-,6063,HEMPHILL (GRANITE WASH.),UNIT PETROLEUM COMPANY,HEMPHILL,Gas,BROWN DOLOMITE
109389,48330905,10,276599,KELTON EAST SWD,1,STILES RANCH (MORROW),"OVERFLOW ENERGY, LLC",WHEELER,Gas,BROWN DOLOMITE
109924,29531317,10,214112,DUKE SWD,3R,CAMBRIDGE (ATOKA),INTEGRITY H2O LLC,LIPSCOMB,Gas,BROWN DOLOMITE
110639,21133537,10,219953,CARR 55,5525P,BUFFALO WALLOW (GRANITE WASH),UNIT PETROLEUM COMPANY,HEMPHILL,Gas,BROWN DOLOMITE
110863,39332652,10,9308,CHICKEN CREEK SWD,1,LEDRICK RANCH (GRANITE WASH),"OVERFLOW ENERGY, LLC",ROBERTS,Oil,WOLFCAMP
110940,37531827,10,276164,BLUE GOOSE 201 SWD,1,BIVINS RANCH (WOLFCAMP),SPITFIRE ENERGY GROUP LLC,POTTER,Gas,BROWN DOLOMITE
111057,21130914,10,4371,"GEORGE ""B""",2028 U,HEMPHILL (DOUGLAS-OIL),UNIT PETROLEUM COMPANY,HEMPHILL,Oil,BROWN DOLOMITE
111097,35930408,10,9392,TASCOSA SWD,1,CAT SCRATCH (GRANITE WASH),SPITFIRE ENERGY GROUP LLC,OLDHAM,Oil,WOLFCAMP
112127,29500000,10,0,,1,,,LIPSCOMB,,"PANHANDLE LIME, BROWN DOLOMITE, COUNCIL GROVE"
112549,29530028,10,0,,1D,,,LIPSCOMB,,BROWN DOLOMITE
112652,37500000,10,0,,1,,,POTTER,,BROWN DOLOMITE
112653,37500000,10,0,,1,,,POTTER,,BROWN DOLOMITE
112654,37500000,10,0,,1,,,POTTER,,BROWN DOLOMITE
115268,23333562,10,794,"DIAL, C. L., ETAL",325D,PANHANDLE HUTCHINSON COUNTY FLD.,"PG-M INTERNATIONAL OPERATING,LLC",HUTCHINSON,Oil,"ARKOSIC DOLOMITE, ARKOSIC WASH, GRANITE WASH"
115340,21100000,10,0,,1,,,HEMPHILL,,BROWN DOLOMITE
117174,35732701,10,7826,"REGGIE ""B"" 24",1V,FARNSWORTH (DES MOINES),INTEGRITY H2O LLC,OCHILTREE,Oil,"PANHANDLE LIME, ANHYDRITE, BROWN DOLOMITE"
117317,21100000,10,0,,1,,,HEMPHILL,,BROWN DOLOMITE
118108,19531907,10,278365,BRECHEISEN 9,1,HANSFORD (MORROW BASAL),"AMARILLO EXPLORATION, INC.",HANSFORD,Gas,BROWN DOLOMITE
